{
  "chosen_node": 5,
  "chosen_val": 7.959122741008513,
  "cv_scores": {
    "5": 8.03075286708629,
    "1": 9.254978549785399,
    "2": 9.968531688647753
  },
  "test_scores": {
    "5": {
      "mape": 8.459444390590672,
      "rmspe": 11.562723043403182
    },
    "1": {
      "mape": 9.618460189579665,
      "rmspe": 13.03444826898327
    },
    "2": {
      "mape": 10.520780989896272,
      "rmspe": 14.151946362794648
    }
  },
  "ensemble": {
    "members": [
      5,
      1,
      2
    ],
    "weights": [
      0.3746,
      0.3268,
      0.2987
    ],
    "test_scores": {
      "mape": 9.122862145572201,
      "rmspe": 12.38331783796085
    }
  },
  "noise": {
    "scores": [
      8.133998710379078,
      8.137979328625708,
      8.04541332711548
    ],
    "std": 0.04272870500829836,
    "min_delta": 0.08545741001659672,
    "baseline_mean": 8.105797122040089
  },
  "tokens": {
    "calls": 14,
    "input_tokens": 26815,
    "output_tokens": 13560,
    "total": 40375,
    "budget": 2000000
  }
}